BusinessEntityID,NationalIDNumber,LoginID,OrganizationNode,OrganizationLevel,JobTitle,BirthDate,MaritalStatus,Gender,HireDate,SalariedFlag,VacationHours,SickLeaveHours,CurrentFlag,rowguid,ModifiedDate,AllocatedWorkHours,EthnicBackground,EfficiencyDuringWorkHours,KeyboardPressesPerDay,AutomatedScore
29,948320468,adventure-works\mark1,/3/1/1/2/,4,Production Technician - WC60,00:00.0,S,F,00:00.0,FALSE,19,29,TRUE,CDB2C6DF-93E5-4558-91C8-424D5E7C658B,00:00.0,45%,Albanian,64%,931,48
37,442121106,adventure-works\chris2,/3/1/1/10/,1,Production Technician - WC60,00:00.0,S,M,00:00.0,FALSE,16,28,TRUE,77B384C7-AFFB-4816-992B-F5B3034EE4FF,00:00.0,44%,Belarusian,28%,263,65
39,461786517,adventure-works\ed0,/3/1/1/12/,4,Production Technician - WC60,00:00.0,S,F,00:00.0,FALSE,25,32,TRUE,8EF22FB3-AF37-4B44-8862-D60A7CB09D82,00:00.0,48%,Bulgarian,88%,1097,48
41,458159238,adventure-works\bryan0,/3/1/2/1/,1,Production Technician - WC60,00:00.0,S,M,00:00.0,FALSE,35,37,TRUE,4652D4E4-6A27-47ED-9F51-C377E293DA28,00:00.0,53%,Catalan,45%,419,65
44,276751903,adventure-works\simon0,/3/1/2/4/,1,Production Technician - WC60,00:00.0,S,M,00:00.0,FALSE,38,39,TRUE,F734D38A-56B5-471E-8DED-A682E958A9B3,00:00.0,55%,Cornish,31%,1004,43
46,66073987,adventure-works\eugene1,/3/1/2/6/,3,Production Technician - WC60,00:00.0,S,F,00:00.0,FALSE,36,38,TRUE,33543B35-77DA-4600-A41B-1EAFEA0AD643,00:00.0,54%,Croatian,89%,616,57
49,912265825,adventure-works\barry0,/3/1/3/2/,3,Production Technician - WC10,3/26/1956 0:00,S,F,00:00.0,FALSE,88,64,TRUE,756A60AE-378F-43D8-9F93-1E821D1EAF52,00:00.0,80%,US,23%,1163,84
51,132674823,adventure-works\jeffrey0,/3/1/3/4/,3,Production Technician - WC10,00:00.0,S,F,00:00.0,FALSE,85,62,TRUE,6E086F41-B81D-4BDC-9F13-0EEC488DC43E,00:00.0,78%,US,42%,556,90
57,10708100,adventure-works\frank1,/3/1/4/2/,4,Production Technician - WC50,00:00.0,S,F,00:00.0,FALSE,10,25,TRUE,B395CD84-77BA-4D3C-A49D-D9E8D6CF100B,00:00.0,41%,Dutch,86%,1115,18
59,843479922,adventure-works\bob0,/3/1/4/4/,3,Production Technician - WC50,00:00.0,S,F,00:00.0,FALSE,12,26,TRUE,68616AEA-81E5-4940-A7E4-6FBA882BCCF6,00:00.0,42%,English,92%,878,18
60,827686041,adventure-works\pete0,/3/1/4/5/,2,Production Technician - WC50,00:00.0,S,M,00:00.0,FALSE,13,26,TRUE,1F1D813D-3EDC-4274-8E9B-4519D71685B6,00:00.0,42%,Estonian,21%,436,27
63,414476027,adventure-works\maciej0,/3/1/5/1/,2,Production Technician - WC60,00:00.0,S,M,00:00.0,FALSE,30,35,TRUE,3229D93F-6A14-4BAC-ABC5-A91B9ECFB4D3,00:00.0,51%,Faroese,33%,1254,36
64,582347317,adventure-works\michael7,/3/1/5/2/,4,Production Technician - WC60,00:00.0,S,F,00:00.0,FALSE,26,33,TRUE,492B24BD-BDE9-4371-B96E-CCD72264B91F,00:00.0,49%,Finnish,32%,1256,52
66,834186596,adventure-works\karan0,/3/1/5/4/,4,Production Technician - WC60,00:00.0,S,F,00:00.0,FALSE,28,34,TRUE,08B1BA74-DD80-4FDA-8327-93268B84977B,00:00.0,50%,French,40%,1848,19
67,63179277,adventure-works\jay0,/3/1/5/5/,2,Production Technician - WC60,00:00.0,S,M,00:00.0,FALSE,32,36,TRUE,18187809-5294-474F-85A1-D5BE6BD518D6,00:00.0,52%,Galician,71%,800,41
68,537092325,adventure-works\charles0,/3/1/5/6/,2,Production Technician - WC60,00:00.0,S,M,00:00.0,FALSE,27,33,TRUE,CDC11292-DF74-4FB0-8676-5B2AA4687142,00:00.0,49%,German,34%,1106,39
69,752513276,adventure-works\steve0,/3/1/5/7/,3,Production Technician - WC60,00:00.0,S,F,00:00.0,FALSE,31,35,TRUE,12F678D7-EAD3-4CF4-8518-A19AACF2A6D4,00:00.0,51%,Greek,22%,1384,62
74,420023788,adventure-works\bjorn0,/3/1/6/3/,4,Production Technician - WC30,00:00.0,S,F,00:00.0,FALSE,43,41,TRUE,A942E1E0-2D5E-4858-97C0-947020E96860,00:00.0,57%,Hungarian,53%,328,54
75,363996959,adventure-works\michiko0,/3/1/6/4/,2,Production Technician - WC30,00:00.0,S,M,00:00.0,FALSE,44,42,TRUE,F359F5B6-5E18-4C62-8531-14D951911CE5,00:00.0,58%,Icelandic,53%,311,35
80,943170460,adventure-works\sandeep0,/3/1/7/2/,3,Production Technician - WC40,00:00.0,S,F,00:00.0,FALSE,65,52,TRUE,606C21E2-3EC0-48A6-A9FE-6BC8123AC786,00:00.0,68%,Irish,37%,1127,24
81,413787783,adventure-works\mihail0,/3/1/7/3/,1,Production Technician - WC40,00:00.0,S,M,00:00.0,FALSE,64,52,TRUE,03A9BA14-0D5B-4671-B851-2C1721EFBF01,00:00.0,68%,Italian,43%,1914,35
82,58791499,adventure-works\jack1,/3/1/7/4/,3,Production Technician - WC40,00:00.0,S,F,00:00.0,FALSE,62,51,TRUE,D308D387-F7F3-4B5F-ABDA-FAF5574245CD,00:00.0,67%,Latvian,82%,1585,65
85,1662732,adventure-works\brian2,/3/1/7/7/,4,Production Technician - WC40,00:00.0,S,F,00:00.0,FALSE,63,51,TRUE,C294F676-CAAF-4924-9730-BC81AE408BE1,00:00.0,67%,Lithuanian,94%,341,64
89,90888098,adventure-works\patrick0,/3/1/8/2/,1,Production Technician - WC10,00:00.0,S,M,00:00.0,FALSE,96,68,TRUE,D5FBE9E6-B8C5-484C-B4B8-48059E0EF267,00:00.0,84%,US,90%,579,90
97,370581729,adventure-works\mandar0,/3/1/9/4/,4,Production Technician - WC50,00:00.0,S,F,00:00.0,FALSE,0,20,TRUE,1F0E068A-48C5-40BF-8190-565150EFDADD,00:00.0,36%,Macedonian,49%,251,60
99,431859843,adventure-works\nuan0,/3/1/9/6/,1,Production Technician - WC50,00:00.0,S,M,00:00.0,FALSE,2,21,TRUE,A6089357-2F2F-48CC-AB3C-D9B75A3C09D7,00:00.0,37%,Maltese,86%,1558,23
103,455563743,adventure-works\ebru0,/3/1/10/1/,2,Production Technician - WC10,00:00.0,S,M,00:00.0,FALSE,93,66,TRUE,6C25A32B-88B5-4F84-A129-F7F688DFA588,00:00.0,82%,US,68%,951,79
105,801365500,adventure-works\kevin2,/3/1/10/3/,3,Production Technician - WC10,00:00.0,S,F,00:00.0,FALSE,90,65,TRUE,8B21E53D-E705-479A-B32E-6E63AC2F4BCD,00:00.0,81%,US,28%,1030,85
106,561196580,adventure-works\john4,/3/1/10/4/,2,Production Technician - WC10,00:00.0,S,M,00:00.0,FALSE,92,66,TRUE,D4CF23D9-21B6-45E4-827C-22890DF0373B,00:00.0,82%,US,80%,379,95
110,857651804,adventure-works\jun0,/3/1/11/2/,2,Production Technician - WC50,00:00.0,S,M,00:00.0,FALSE,90,65,TRUE,9C5F84D1-FB96-4D82-92A1-F932903DEAAD,00:00.0,81%,US,87%,897,78
111,415823523,adventure-works\suroor0,/3/1/11/3/,2,Production Technician - WC50,00:00.0,S,M,00:00.0,FALSE,93,66,TRUE,14010B0E-C101-4E41-B788-21923399E512,00:00.0,82%,US,90%,1641,87
112,981597097,adventure-works\john1,/3/1/11/4/,4,Production Technician - WC50,00:00.0,S,F,00:00.0,FALSE,91,65,TRUE,B6998410-EE0F-4307-9E6E-FE348F11012D,00:00.0,81%,US,29%,589,74
116,398737566,adventure-works\michael2,/3/1/11/8/,3,Production Technician - WC50,00:00.0,S,F,00:00.0,FALSE,98,69,TRUE,C6EB2566-CF28-4602-9A25-5B91C8728838,00:00.0,85%,US,27%,950,97
119,334834274,adventure-works\michael4,/3/1/11/11/,2,Production Technician - WC50,00:00.0,S,M,00:00.0,FALSE,94,67,TRUE,EB27C026-9470-4450-8D5E-1F38A41793B5,00:00.0,83%,US,24%,326,87
128,384162788,adventure-works\paul0,/3/1/13/1/,2,Production Technician - WC40,00:00.0,S,M,00:00.0,FALSE,68,54,TRUE,0217049E-1566-42B6-8027-41B751E2B00B,00:00.0,70%,US,48%,270,96
129,502058701,adventure-works\gary0,/3/1/13/2/,3,Production Technician - WC40,00:00.0,S,F,00:00.0,FALSE,69,54,TRUE,A03D6052-1F85-4EBE-AAC9-B67CFDCD91A6,00:00.0,70%,US,72%,217,94
130,578953538,adventure-works\rob1,/3/1/13/3/,2,Production Technician - WC40,00:00.0,S,M,00:00.0,FALSE,71,55,TRUE,54FDA597-6822-42B4-B128-63ECA03071F2,00:00.0,71%,US,24%,1551,96
131,273260055,adventure-works\baris0,/3/1/13/4/,3,Production Technician - WC40,00:00.0,S,F,00:00.0,FALSE,72,56,TRUE,232D68BF-DF58-48F9-9235-53BD4B009B4B,00:00.0,72%,US,26%,1824,76
133,830150469,adventure-works\michael1,/3/1/13/6/,3,Production Technician - WC40,00:00.0,S,F,00:00.0,FALSE,70,55,TRUE,416BF905-7D6C-4692-8FD6-40F6C4F9ECC4,00:00.0,71%,US,29%,1431,86
139,113393530,adventure-works\hung-fu0,/3/1/14/5/,4,Production Technician - WC20,00:00.0,S,F,00:00.0,FALSE,0,20,TRUE,065D8D5F-9504-4FFE-98DC-E69677F19F15,00:00.0,36%,Slovenian,36%,1592,33
143,56772045,adventure-works\krishna0,/3/1/14/9/,2,Production Technician - WC20,00:00.0,S,M,00:00.0,FALSE,2,21,TRUE,42A506A5-0AC0-4148-B702-BB7B804EF98C,00:00.0,37%,Sorbian,29%,1518,16
146,160739235,adventure-works\jianshuo0,/3/1/15/1/,1,Production Technician - WC30,00:00.0,S,M,00:00.0,FALSE,36,38,TRUE,6FFF136A-9664-4EB9-9243-FAC76E21B9DD,00:00.0,54%,Spanish,92%,1819,40
148,733022683,adventure-works\jason0,/3/1/15/3/,1,Production Technician - WC30,00:00.0,S,M,00:00.0,FALSE,38,39,TRUE,C16C501D-942D-4EB0-B5C4-EF8119FBEBA2,00:00.0,55%,Swedish,45%,1429,48
153,568596888,adventure-works\hanying0,/3/1/16/1/,1,Production Technician - WC20,00:00.0,S,M,00:00.0,FALSE,15,27,TRUE,618B71BC-6E8C-492D-8862-B9EFB7A4E06A,00:00.0,43%,Swiss,76%,1933,57
155,212801092,adventure-works\fadi0,/3/1/16/3/,1,Production Technician - WC20,00:00.0,S,M,00:00.0,FALSE,16,28,TRUE,9923376F-26D0-4845-9D99-CC3D696CAEB8,00:00.0,44%,Ukrainian,62%,1863,47
159,404159499,adventure-works\terrence0,/3/1/16/7/,4,Production Technician - WC20,00:00.0,S,F,00:00.0,FALSE,13,26,TRUE,4DA76442-5EEF-41FB-AE19-16C55714F9AD,00:00.0,42%,Walloon,78%,747,19
161,275962311,adventure-works\kirk0,/3/1/17/1/,4,Production Technician - WC45,00:00.0,S,F,00:00.0,FALSE,74,57,TRUE,08D25BAA-167B-499C-8B51-31DCC856A8CF,00:00.0,73%,US,83%,984,72
164,65848458,adventure-works\andrew1,/3/1/17/4/,4,Production Technician - WC45,00:00.0,S,F,00:00.0,FALSE,73,56,TRUE,A2A2CF20-4E5C-45F7-A7BD-1B94F0C3A43A,00:00.0,72%,US,49%,1961,92
167,498138869,adventure-works\david1,/3/1/18/1/,1,Production Technician - WC30,00:00.0,S,M,00:00.0,FALSE,25,32,TRUE,ED7EE92E-A9D0-4E3A-8DEE-4B143E459F7E,00:00.0,48%,Blackfoot,59%,384,10
168,271438431,adventure-works\garrett0,/3/1/18/2/,1,Production Technician - WC30,00:00.0,S,M,00:00.0,FALSE,34,37,TRUE,A6F5F72F-AA03-41B7-8B6E-B123BD360753,00:00.0,53%,Cajun,57%,974,33
171,746373306,adventure-works\david3,/3/1/18/5/,2,Production Technician - WC30,00:00.0,S,M,00:00.0,FALSE,32,36,TRUE,84C358D4-2493-452C-B7D6-B212C893A009,00:00.0,52%,Cherokee,56%,902,65
173,87268837,adventure-works\eugene0,/3/1/18/7/,1,Production Technician - WC30,00:00.0,S,M,00:00.0,FALSE,33,36,TRUE,1BA1D374-18AE-48ED-938F-6F5D2EEC4D4D,00:00.0,52%,Chickasaw,53%,1790,26
174,585408256,adventure-works\benjamin0,/3/1/18/8/,1,Production Technician - WC30,00:00.0,S,M,00:00.0,FALSE,28,34,TRUE,F1A6F824-895B-4A0F-AF1B-05FBA703E69F,00:00.0,50%,Choctaw,45%,783,60
178,568626529,adventure-works\john3,/3/1/18/12/,1,Production Technician - WC30,00:00.0,S,M,00:00.0,FALSE,27,33,TRUE,96C7EAB1-6DEA-4C59-AFD8-923F0E8DE1F6,00:00.0,49%,Chumash,70%,1782,57
179,587567941,adventure-works\jan0,/3/1/18/13/,2,Production Technician - WC30,00:00.0,S,M,00:00.0,FALSE,30,35,TRUE,975F827D-BE71-4EB1-8DBF-E6C451D1FAD5,00:00.0,51%,Creek,73%,1365,47
181,545337468,adventure-works\michael0,/3/1/19/1/,1,Production Technician - WC20,00:00.0,S,M,00:00.0,FALSE,20,30,TRUE,4FD6FE82-535A-4DD1-BEB1-154A8B5E42F0,00:00.0,46%,Cuban,43%,1050,27
182,368920189,adventure-works\nitin0,/3/1/19/2/,2,Production Technician - WC20,00:00.0,S,M,00:00.0,FALSE,21,30,TRUE,EBBC6787-3F2D-4F6B-9EA3-4DEF02EF382E,00:00.0,46%,Dakota,83%,940,13
185,621932914,adventure-works\stefen0,/3/1/19/5/,4,Production Technician - WC20,00:00.0,S,F,00:00.0,FALSE,19,29,TRUE,B9EEBF9F-F694-4BC2-98EC-9B4FB0379EDF,00:00.0,45%,Dutch Trinidadian,63%,1805,18
190,456839592,adventure-works\robert0,/3/1/20/4/,3,Production Technician - WC45,00:00.0,S,F,00:00.0,FALSE,82,61,TRUE,2203154E-5EBD-4ACA-99BE-D835A3309D03,00:00.0,77%,US,75%,462,87
191,399658727,adventure-works\lionel0,/3/1/20/5/,2,Production Technician - WC45,00:00.0,S,M,00:00.0,FALSE,78,59,TRUE,231B1798-F67B-45C1-9688-265180F93D28,00:00.0,75%,US,81%,1109,78
193,761597760,adventure-works\alejandro0,/3/1/21/1/,4,Production Technician - WC40,00:00.0,S,F,00:00.0,FALSE,52,46,TRUE,8C7321D2-2C64-4902-9D64-8F5C1EB7F747,00:00.0,62%,German,55%,1026,20
194,295971920,adventure-works\fred0,/3/1/21/2/,4,Production Technician - WC40,00:00.0,S,F,00:00.0,FALSE,47,43,TRUE,45358AE8-0B0E-4C11-90BB-DAC3EC0D5C82,00:00.0,59%,Guatemalan,87%,685,32
195,918737118,adventure-works\kevin1,/3/1/21/3/,1,Production Technician - WC40,00:00.0,S,M,00:00.0,FALSE,58,49,TRUE,DC7E95FF-275E-41C2-8ED3-686864F0540A,00:00.0,65%,Haitian,24%,596,19
201,746201340,adventure-works\brian0,/3/1/21/9/,4,Production Technician - WC40,00:00.0,S,F,00:00.0,FALSE,55,47,TRUE,18D594A8-B4ED-43C0-9C43-6033FEAADF4E,00:00.0,63%,Hawaiian,38%,297,30
202,436757988,adventure-works\tawana0,/3/1/21/10/,2,Production Technician - WC40,00:00.0,S,M,00:00.0,FALSE,50,45,TRUE,BB4A3E50-232E-4212-9FAF-E67429FEBC7D,00:00.0,61%,Hopi,72%,928,56
206,835460180,adventure-works\stuart0,/3/1/22/1/,2,Production Technician - WC45,00:00.0,S,M,00:00.0,FALSE,84,62,TRUE,4F361B4F-7920-4037-9A0A-46D616F9B9C7,00:00.0,78%,US,25%,537,70
207,687685941,adventure-works\greg0,/3/1/22/2/,4,Production Technician - WC45,00:00.0,S,F,00:00.0,FALSE,85,62,TRUE,A36B5D6B-72A5-47F8-9F6B-5D922130E760,00:00.0,78%,US,66%,1349,95
215,381772114,adventure-works\mark0,/3/2/1/3/,4,Quality Assurance Technician,00:00.0,S,F,00:00.0,FALSE,83,61,TRUE,6B63EF27-2C55-4F4C-BE29-FCE8B694DC4A,00:00.0,77%,US,41%,460,82
216,403414852,adventure-works\sean0,/3/2/1/4/,4,Quality Assurance Technician,00:00.0,S,F,00:00.0,FALSE,82,61,TRUE,34E128CF-D904-4327-8014-9DF0D5DE7D08,00:00.0,77%,US,46%,916,71
218,540688287,adventure-works\tengiz0,/3/2/2/1/,4,Control Specialist,00:00.0,S,F,00:00.0,FALSE,76,58,TRUE,C609B3B2-7969-410C-934C-62C34B63C4EE,00:00.0,74%,US,39%,1313,98
219,242381745,adventure-works\sean1,/3/2/2/2/,4,Document Control Assistant,00:00.0,S,F,00:00.0,FALSE,78,59,TRUE,F78657A9-83EF-4B4D-9809-3C4C6D1A7BB4,00:00.0,75%,US,50%,1158,76
232,646304055,adventure-works\pat0,/3/4/1/4/,3,Janitor,00:00.0,S,F,00:00.0,FALSE,89,64,TRUE,49238447-30EE-4009-993F-0B6C756AB436,00:00.0,80%,US,84%,797,92
251,603686790,adventure-works\mikael0,/4/3/1/1/,3,Buyer,00:00.0,S,F,00:00.0,FALSE,59,49,TRUE,D0FD55FF-42FA-491E-8B3B-AB3316018909,00:00.0,65%,Lakota,51%,1979,53
257,381073001,adventure-works\eric2,/4/3/1/7/,3,Buyer,00:00.0,S,F,00:00.0,FALSE,54,47,TRUE,A28AB377-06F5-417A-A5E2-59F459088699,00:00.0,63%,Lumbee,59%,1184,33
12,480168528,adventure-works\thierry0,/1/1/5/1/,4,Tool Designer,00:00.0,M,F,00:00.0,FALSE,9,24,TRUE,1D955171-E773-4FAD-8382-40FD898D5D4D,00:00.0,40%,Mexican,80%,1533,23
28,14417807,adventure-works\guy1,/3/1/1/1/,4,Production Technician - WC60,00:00.0,M,F,00:00.0,FALSE,21,30,TRUE,AAE1D04A-C237-4974-B4D5-935247737718,00:00.0,46%,Micmac,23%,472,24
33,801758002,adventure-works\annik0,/3/1/1/6/,2,Production Technician - WC60,00:00.0,M,M,00:00.0,FALSE,17,28,TRUE,51FDE6AC-BD50-467C-90E5-10CA7310455C,00:00.0,44%,Mongolian,57%,1042,65
35,999440576,adventure-works\brandon0,/3/1/1/8/,3,Production Technician - WC60,00:00.0,M,F,00:00.0,FALSE,22,31,TRUE,CA5D1935-44E2-4C45-93BB-809E59F56796,00:00.0,47%,Navajo,60%,673,68
36,788456780,adventure-works\jose0,/3/1/1/9/,1,Production Technician - WC60,00:00.0,M,M,00:00.0,FALSE,20,30,TRUE,9E912556-88BA-41EE-B946-CB84AB4C1102,00:00.0,46%,Nez Perce,80%,1323,25
42,339712426,adventure-works\james0,/3/1/2/2/,2,Production Technician - WC60,00:00.0,M,M,00:00.0,FALSE,39,39,TRUE,82E52D5A-165B-4C6D-9773-C3A6B6332ECD,00:00.0,55%,Ojibwe,71%,349,22
45,500412746,adventure-works\thomas0,/3/1/2/5/,3,Production Technician - WC60,00:00.0,M,F,00:00.0,FALSE,37,38,TRUE,8FF3AF67-32F2-4A08-98C3-A40F842D41A3,00:00.0,54%,Osage,65%,765,34
50,844973625,adventure-works\sidney0,/3/1/3/3/,1,Production Technician - WC10,00:00.0,M,M,00:00.0,FALSE,84,62,TRUE,40D603D9-7F99-48B7-A580-B17CF429BED2,00:00.0,78%,US,40%,1787,80
58,571658797,adventure-works\kendall0,/3/1/4/3/,3,Production Technician - WC50,00:00.0,M,F,00:00.0,FALSE,11,25,TRUE,65207627-5521-4A8E-AD3C-B2F1B5226B85,00:00.0,41%,Paiute,37%,959,25
65,8066363,adventure-works\randy0,/3/1/5/3/,3,Production Technician - WC60,00:00.0,M,F,00:00.0,FALSE,29,34,TRUE,9A08108D-E039-4862-8F93-55F18017AD72,00:00.0,50%,Papua New Guinean,69%,225,34
70,36151748,adventure-works\david2,/3/1/5/8/,1,Production Technician - WC60,00:00.0,M,M,00:00.0,FALSE,33,36,TRUE,FC617BB8-D2A3-4374-873C-8EF38D80127D,00:00.0,52%,Pawnee,36%,342,47
72,443968955,adventure-works\steven0,/3/1/6/1/,2,Production Technician - WC30,00:00.0,M,M,00:00.0,FALSE,41,40,TRUE,0A8937C9-68AA-4D48-BA4E-B40493D764AA,00:00.0,56%,Pennacook,22%,910,44
79,697712387,adventure-works\eric1,/3/1/7/1/,3,Production Technician - WC40,00:00.0,M,F,00:00.0,FALSE,60,50,TRUE,55F62E38-9457-46C8-A824-E46A3117A935,00:00.0,66%,Pima,45%,784,50
83,988315686,adventure-works\patrick1,/3/1/7/5/,2,Production Technician - WC40,00:00.0,M,M,00:00.0,FALSE,61,50,TRUE,296C52AE-169F-4292-975D-C508476DCECF,00:00.0,66%,Polynesian,92%,1597,29
84,947029962,adventure-works\frank3,/3/1/7/6/,2,Production Technician - WC40,00:00.0,M,M,00:00.0,FALSE,66,53,TRUE,9AF24ACC-EA3E-4EFE-B5E3-4762C496D57C,00:00.0,69%,Puerto Rican,78%,455,20
86,769680433,adventure-works\ryan0,/3/1/7/8/,1,Production Technician - WC40,00:00.0,M,M,00:00.0,FALSE,59,49,TRUE,10E5BD6F-2B9C-4192-A94D-6A2D50EA1ADB,00:00.0,65%,Quechua,25%,1957,26
92,826454897,adventure-works\tom0,/3/1/8/5/,3,Production Technician - WC10,00:00.0,M,F,00:00.0,FALSE,98,69,TRUE,B3BF7FC5-2014-48CE-B7BB-76124FA8446C,00:00.0,85%,US,62%,358,97
94,718299860,adventure-works\russell0,/3/1/9/1/,3,Production Technician - WC50,00:00.0,M,F,00:00.0,FALSE,6,23,TRUE,6B10192F-D570-47C4-82C9-3D979B1EFDC1,00:00.0,39%,Seminole,68%,1708,18
95,674171828,adventure-works\jim0,/3/1/9/2/,2,Production Technician - WC50,00:00.0,M,M,00:00.0,FALSE,1,20,TRUE,6175876E-8FCC-4917-BE06-FC358515E6DF,00:00.0,36%,Afro-Brazilian,55%,1254,55
98,152085091,adventure-works\sameer0,/3/1/9/5/,4,Production Technician - WC50,00:00.0,M,F,00:00.0,FALSE,4,22,TRUE,A703169F-1563-488E-914D-D784FD07F29A,00:00.0,38%,Andean,31%,1737,37
100,204035155,adventure-works\lolan0,/3/1/9/7/,3,Production Technician - WC50,00:00.0,M,F,00:00.0,FALSE,7,23,TRUE,9B9B768D-7CC1-4DCE-87CB-765AB73A6AFF,00:00.0,39%,Bolivian,77%,540,48
101,153288994,adventure-works\houman0,/3/1/9/8/,1,Production Technician - WC50,00:00.0,M,M,00:00.0,FALSE,3,21,TRUE,9CE8B2E8-9944-4BA5-97DE-441D8314F161,00:00.0,37%,Brazilian,54%,396,13
107,393421437,adventure-works\christopher0,/3/1/10/5/,1,Production Technician - WC10,00:00.0,M,M,00:00.0,FALSE,91,65,TRUE,F71C6055-557B-4660-86FF-8C0FA14B24E6,00:00.0,81%,US,54%,1229,97
114,342607223,adventure-works\mindaugas0,/3/1/11/6/,2,Production Technician - WC50,00:00.0,M,M,00:00.0,FALSE,97,68,TRUE,1D784088-DACB-4185-9F60-3D2DB4925BA5,00:00.0,84%,US,23%,1382,86
117,599942664,adventure-works\chad0,/3/1/11/9/,4,Production Technician - WC50,00:00.0,M,F,00:00.0,FALSE,99,69,TRUE,83A32D4C-4725-478F-9997-91739BB957BA,00:00.0,85%,US,83%,1058,79
118,222400012,adventure-works\don0,/3/1/11/10/,4,Production Technician - WC50,00:00.0,M,F,00:00.0,FALSE,88,64,TRUE,E720053D-922E-4C91-B81A-A1CA4EF8BB0E,00:00.0,80%,US,95%,1832,87
123,337752649,adventure-works\vamsi0,/3/1/12/2/,4,Shipping and Receiving Clerk,00:00.0,M,F,00:00.0,FALSE,95,67,TRUE,A8838AB2-99DE-415C-8675-D82EBF1C4752,00:00.0,83%,US,76%,841,98
125,584205124,adventure-works\matthias0,/3/1/12/4/,4,Shipping and Receiving Clerk,00:00.0,M,F,00:00.0,FALSE,94,67,TRUE,54ED63DC-C62C-4CC7-89C2-015DF49C49A5,00:00.0,83%,US,76%,1744,86
126,652779496,adventure-works\jimmy0,/3/1/12/5/,3,Stocker,00:00.0,M,F,00:00.0,FALSE,96,68,TRUE,96442787-9520-4955-A457-38AFDDB6FF13,00:00.0,84%,US,63%,1255,81
135,964089218,adventure-works\ivo0,/3/1/14/1/,3,Production Technician - WC20,00:00.0,M,F,00:00.0,FALSE,9,24,TRUE,D83A26F3-7EA7-477B-A5BB-7EAADFC13A09,00:00.0,40%,Mapuche,27%,1470,10
136,701156975,adventure-works\sylvester0,/3/1/14/2/,1,Production Technician - WC20,00:00.0,M,M,00:00.0,FALSE,4,22,TRUE,D9C43D08-3882-4E5C-BDF0-F6BD7004CD04,00:00.0,38%,Tobagonian,22%,1003,42
140,339233463,adventure-works\prasanna0,/3/1/14/6/,3,Production Technician - WC20,00:00.0,M,F,00:00.0,FALSE,5,22,TRUE,72ED240A-0FD8-4423-8A49-9078BA6BCF6C,00:00.0,38%,Uruguayan,91%,346,32
141,872923042,adventure-works\min0,/3/1/14/7/,2,Production Technician - WC20,00:00.0,M,M,00:00.0,FALSE,1,20,TRUE,CC75C35D-1566-43FA-B2E9-D1E508EFDCD1,00:00.0,36%,Venezuelan,95%,747,37
144,886023130,adventure-works\paul1,/3/1/14/10/,2,Production Technician - WC20,00:00.0,M,M,00:00.0,FALSE,6,23,TRUE,DC5BA622-B860-41EE-AF92-5FEB4779B589,00:00.0,39%,Wayuu,64%,737,34
149,764853868,adventure-works\andy0,/3/1/15/4/,3,Production Technician - WC30,00:00.0,M,F,00:00.0,FALSE,39,39,TRUE,615A6BFE-3046-4037-9764-238535F725BE,00:00.0,55%,Zenu,65%,1568,64
150,878395493,adventure-works\michael5,/3/1/15/5/,3,Production Technician - WC30,00:00.0,M,F,00:00.0,FALSE,35,37,TRUE,2B0876D4-8996-4E71-A613-BE2E98E7ACCF,00:00.0,53%,Zulu,88%,709,24
151,993310268,adventure-works\rostislav0,/3/1/15/6/,4,Production Technician - WC30,00:00.0,M,F,00:00.0,FALSE,40,40,TRUE,00027A8C-C2F8-4A31-ABA8-8A203638B8F1,00:00.0,56%,Yanomami,48%,1532,51
154,97728960,adventure-works\raymond0,/3/1/16/2/,4,Production Technician - WC20,00:00.0,M,F,00:00.0,FALSE,10,25,TRUE,9F01E1FB-B893-40CC-9F5C-AAF89F9B7AF5,00:00.0,41%,Yoruba,20%,775,39
156,322160340,adventure-works\lane0,/3/1/16/4/,3,Production Technician - WC20,00:00.0,M,F,00:00.0,FALSE,11,25,TRUE,042427B8-3883-4A87-A6A3-724EE1690F49,00:00.0,41%,Honduran,86%,755,18
163,377784364,adventure-works\alex0,/3/1/17/3/,3,Production Technician - WC45,00:00.0,M,F,00:00.0,FALSE,77,58,TRUE,B96BC9C2-5A25-4A9B-887A-C7C10E47B80C,00:00.0,74%,US,61%,245,80
165,539490372,adventure-works\chris0,/3/1/17/5/,3,Production Technician - WC45,00:00.0,M,F,00:00.0,FALSE,76,58,TRUE,300223F3-5587-4230-909B-D9C4AFD6D683,00:00.0,74%,US,31%,1904,85
170,476115505,adventure-works\george0,/3/1/18/4/,4,Production Technician - WC30,00:00.0,M,F,00:00.0,FALSE,26,33,TRUE,01B119A2-2AF3-4775-818E-B421FECB07A7,00:00.0,49%,Indio,41%,1015,17
172,364818297,adventure-works\marc0,/3/1/18/6/,4,Production Technician - WC30,00:00.0,M,F,00:00.0,FALSE,22,31,TRUE,1F151ABC-DB4A-431A-8A5D-15F46C5B8FFC,00:00.0,47%,Inuit,87%,813,67
175,259388196,adventure-works\reed0,/3/1/18/9/,3,Production Technician - WC30,00:00.0,M,F,00:00.0,FALSE,23,31,TRUE,B3967C00-7014-4960-AF15-B1A6D3094F6F,00:00.0,47%,Jamaican,49%,1887,41
176,860123571,adventure-works\david7,/3/1/18/10/,1,Production Technician - WC30,00:00.0,M,M,00:00.0,FALSE,29,34,TRUE,85AFB689-7EAB-41A8-B154-9446195D5BDE,00:00.0,50%,Kuna,55%,1671,51
177,551346974,adventure-works\russell1,/3/1/18/11/,4,Production Technician - WC30,00:00.0,M,F,00:00.0,FALSE,24,32,TRUE,D54C7989-2675-4EF3-B392-370A8D264B2B,00:00.0,48%,Latin American,52%,1791,37
184,305522471,adventure-works\john2,/3/1/19/4/,3,Production Technician - WC20,00:00.0,M,F,00:00.0,FALSE,18,29,TRUE,BAB69951-28AD-4BCA-B5AC-032746D0CC6F,00:00.0,45%,Mayan,59%,1939,40
188,435234965,adventure-works\douglas0,/3/1/20/2/,4,Production Technician - WC45,00:00.0,M,F,00:00.0,FALSE,80,60,TRUE,1AB0EDEB-7558-4734-8423-5A11B44DCA35,00:00.0,76%,US,22%,1934,84
196,370487086,adventure-works\shammi0,/3/1/21/4/,3,Production Technician - WC40,00:00.0,M,F,00:00.0,FALSE,53,46,TRUE,9BEF0C94-7969-4905-9A42-CE469C754800,00:00.0,62%,Peruvian,72%,463,18
197,632092621,adventure-works\rajesh0,/3/1/21/5/,1,Production Technician - WC40,00:00.0,M,M,00:00.0,FALSE,48,44,TRUE,ACA7B40C-7AC0-4DAA-B4C7-1051D850D7D9,00:00.0,60%,Puerto Rican,71%,1334,22
200,749211824,adventure-works\frank0,/3/1/21/8/,4,Production Technician - WC40,00:00.0,M,F,00:00.0,FALSE,56,48,TRUE,DD9AD278-ED17-40CF-8619-BAF1BB9D1CF2,00:00.0,64%,Surinamese,22%,459,17
203,693168613,adventure-works\ken1,/3/1/21/11/,1,Production Technician - WC40,00:00.0,M,M,00:00.0,FALSE,51,45,TRUE,699C00D8-C4AB-4CD2-A48F-37CBCB5BFCCA,00:00.0,61%,Taíno,87%,1993,22
204,440379437,adventure-works\gabe0,/3/1/21/12/,3,Production Technician - WC40,00:00.0,M,F,00:00.0,FALSE,57,48,TRUE,790C9A7C-264C-4D48-A9D3-E2571A8011D8,00:00.0,64%,Uruguayan,63%,1319,47
208,199546871,adventure-works\scott0,/3/1/22/3/,4,Production Technician - WC45,00:00.0,M,F,00:00.0,FALSE,86,63,TRUE,E35DA50A-BB51-4E08-8B8D-87EF4650247A,00:00.0,79%,US,67%,786,80
213,343861179,adventure-works\sootha0,/3/2/1/1/,2,Quality Assurance Technician,00:00.0,M,M,00:00.0,FALSE,85,62,TRUE,A3DADF19-27F0-460A-9888-CE6CAA9E3583,00:00.0,78%,US,87%,636,91
214,131471224,adventure-works\andreas0,/3/2/1/2/,3,Quality Assurance Technician,00:00.0,M,F,00:00.0,FALSE,84,62,TRUE,F4DDD64F-DFFE-4DF3-AA17-D6BEA1924818,00:00.0,78%,US,75%,1586,78
221,260805477,adventure-works\chris1,/3/2/2/4/,2,Control Specialist,00:00.0,M,M,00:00.0,FALSE,75,57,TRUE,45C358FB-9C7F-4D36-8EC7-3D89E9FD07F4,00:00.0,73%,US,41%,471,89
230,28414965,adventure-works\stuart1,/3/4/1/2/,1,Janitor,00:00.0,M,M,00:00.0,FALSE,88,64,TRUE,CC2791E6-7629-49C5-922A-81445AFDF033,00:00.0,80%,US,80%,1151,86
252,792847334,adventure-works\arvind0,/4/3/1/2/,4,Buyer,00:00.0,M,F,00:00.0,FALSE,60,50,TRUE,51DE26F0-6ED9-4A70-B689-88EB882674B6,00:00.0,66%,Malaysian,47%,823,30
254,482810518,adventure-works\fukiko0,/4/3/1/4/,4,Buyer,00:00.0,M,F,00:00.0,FALSE,57,48,TRUE,36CD6636-C657-4FC7-9BFA-CC1BFA9102A2,00:00.0,64%,Singaporean,30%,1309,48
255,466142721,adventure-works\gordon0,/4/3/1/5/,2,Buyer,00:00.0,M,M,00:00.0,FALSE,52,46,TRUE,2CB2D5C3-C437-49B1-9FFD-FAA096F6126F,00:00.0,62%,Samoan,45%,1364,50
256,367453993,adventure-works\frank2,/4/3/1/6/,2,Buyer,00:00.0,M,M,00:00.0,FALSE,58,49,TRUE,0423D8D0-1B14-4718-8C17-85E2F98D222F,00:00.0,65%,Trinidadian,61%,1536,48
259,20269531,adventure-works\ben0,/4/3/1/9/,2,Buyer,00:00.0,M,M,00:00.0,FALSE,55,47,TRUE,B9641CAE-765C-4662-B760-C167A1F2B8B5,00:00.0,63%,Uruguayan,45%,347,39
261,280633567,adventure-works\reinout0,/4/3/1/11/,2,Purchasing Assistant,00:00.0,M,M,00:00.0,FALSE,51,45,TRUE,9825EB00-8E36-4506-93A2-6DDCDC0B13C3,00:00.0,61%,Venezuelan,38%,1203,10
13,486228782,adventure-works\janice0,/1/1/5/2/,3,Tool Designer,00:00.0,M,F,00:00.0,FALSE,8,24,TRUE,954B91B6-5AA7-48C2-8685-6E11C6E5C49A,00:00.0,40%,Akan,68%,530,44
30,410742000,adventure-works\britta0,/3/1/1/3/,2,Production Technician - WC60,00:00.0,M,M,00:00.0,FALSE,14,27,TRUE,FC12677F-42F8-4790-AD69-685088ED7E5F,00:00.0,43%,Arab-Berber,82%,1777,55
31,750246141,adventure-works\margie0,/3/1/1/4/,2,Production Technician - WC60,00:00.0,M,M,00:00.0,FALSE,18,29,TRUE,352D6E2F-655B-49A2-9FEC-EFD7D8CD0D30,00:00.0,45%,Bambara,41%,1005,35
32,330211482,adventure-works\rebecca0,/3/1/1/5/,1,Production Technician - WC60,00:00.0,M,M,00:00.0,FALSE,23,31,TRUE,BDADEB5C-A596-4DA1-88BA-842C7A0CC10F,00:00.0,47%,Basotho,41%,1604,48
34,754372876,adventure-works\suchitra0,/3/1/1/7/,1,Production Technician - WC60,00:00.0,M,M,00:00.0,FALSE,15,27,TRUE,6ADBD932-0DA5-4F5C-AF67-8E3A53630896,00:00.0,43%,Berber,65%,508,51
38,6298838,adventure-works\kim1,/3/1/1/11/,3,Production Technician - WC60,00:00.0,M,F,00:00.0,FALSE,24,32,TRUE,891C27F4-28CC-44BB-BEA3-DA5EA7FBE957,00:00.0,48%,Berber-Beduin,69%,1207,26
43,693325305,adventure-works\nancy0,/3/1/2/3/,4,Production Technician - WC60,00:00.0,M,F,00:00.0,FALSE,34,37,TRUE,6B7EB306-9A00-496A-98A9-4E94FE72F77C,00:00.0,53%,Berber-Tuareg,92%,585,40
48,690627818,adventure-works\ruth0,/3/1/3/1/,1,Production Technician - WC10,00:00.0,M,M,00:00.0,FALSE,83,61,TRUE,3E3B6905-209E-442E-B8A8-9A0980241C6A,00:00.0,77%,US,61%,1654,96
52,565090917,adventure-works\doris0,/3/1/3/5/,1,Production Technician - WC10,00:00.0,M,M,00:00.0,FALSE,86,63,TRUE,692B8826-03B4-4C3B-82FC-1FC6F1409689,00:00.0,79%,US,49%,1447,98
53,9659517,adventure-works\diane0,/3/1/3/6/,3,Production Technician - WC10,00:00.0,M,F,00:00.0,FALSE,87,63,TRUE,C334B2D2-0C56-4906-9095-F1D07A98CBEC,00:00.0,79%,US,42%,821,74
54,109272464,adventure-works\bonnie0,/3/1/3/7/,1,Production Technician - WC10,00:00.0,M,M,00:00.0,FALSE,89,64,TRUE,E950A52A-DF61-4FEC-9063-545664D65B89,00:00.0,80%,US,68%,1565,91
56,652535724,adventure-works\denise0,/3/1/4/1/,3,Production Technician - WC50,00:00.0,M,F,00:00.0,FALSE,9,24,TRUE,77878C43-F16E-437D-892F-3CFCC0715A0A,00:00.0,40%,Berber-Riffian,33%,301,26
61,92096924,adventure-works\diane2,/3/1/4/6/,2,Production Technician - WC50,00:00.0,S,M,00:00.0,FALSE,8,24,TRUE,721A2921-C415-46DE-9111-13F25F428B8B,00:00.0,40%,Berber-Kabyle,83%,976,40
73,138280935,adventure-works\carole0,/3/1/6/2/,3,Production Technician - WC30,00:00.0,M,F,00:00.0,FALSE,42,41,TRUE,C76A41F1-A390-4AE4-A82A-2A87764C6391,00:00.0,57%,Berber-Chaoui,43%,1708,39
76,227319668,adventure-works\carol0,/3/1/6/5/,1,Production Technician - WC30,00:00.0,M,M,00:00.0,FALSE,45,42,TRUE,8D0182A3-5B59-4EEA-9B3C-C7F05DA9A2CE,00:00.0,58%,Berber-Tamazight,29%,830,34
77,301435199,adventure-works\merav0,/3/1/6/6/,2,Production Technician - WC30,00:00.0,M,M,00:00.0,FALSE,46,43,TRUE,2EE7914A-62D3-473B-A0E1-E4E55341EC4E,00:00.0,59%,Ethiopian,27%,1208,20
88,294148271,adventure-works\betsy0,/3/1/8/1/,2,Production Technician - WC10,00:00.0,S,M,00:00.0,FALSE,99,69,TRUE,EBCDBA1C-6C1D-4D36-90F7-1893755C85E3,00:00.0,85%,US,39%,1511,74
90,82638150,adventure-works\danielle0,/3/1/8/3/,3,Production Technician - WC10,00:00.0,S,F,00:00.0,FALSE,97,68,TRUE,BB886159-1400-4264-B7C9-A3769BEB1274,00:00.0,84%,US,36%,1652,84
91,390124815,adventure-works\kimberly0,/3/1/8/4/,3,Production Technician - WC10,00:00.0,S,F,00:00.0,FALSE,95,67,TRUE,CE256B6C-1EEE-43ED-9969-7CAC480FF4D7,00:00.0,83%,US,35%,433,91
96,912141525,adventure-works\elizabeth0,/3/1/9/3/,4,Production Technician - WC50,00:00.0,M,F,00:00.0,FALSE,5,22,TRUE,62A9F73F-6443-4F2F-B864-18186614BFB6,00:00.0,38%,Ga-Adangbe,36%,731,23
104,717889520,adventure-works\mary1,/3/1/10/2/,1,Production Technician - WC10,00:00.0,M,M,00:00.0,FALSE,94,67,TRUE,6DC9F7D0-5664-4E4A-90F5-7AB85EBB02E6,00:00.0,83%,US,34%,745,96
109,113695504,adventure-works\alice0,/3/1/11/1/,2,Production Technician - WC50,00:00.0,M,M,00:00.0,FALSE,95,67,TRUE,7E632B21-0D11-4BBA-8A68-8CAE14C20AE6,00:00.0,83%,US,57%,1707,80
113,54759846,adventure-works\linda0,/3/1/11/5/,1,Production Technician - WC50,00:00.0,M,M,00:00.0,FALSE,96,68,TRUE,FB84759C-B687-43B2-8727-125EFE0F5E13,00:00.0,84%,US,89%,990,81
115,563680513,adventure-works\angela0,/3/1/11/7/,3,Production Technician - WC50,00:00.0,S,F,00:00.0,FALSE,92,66,TRUE,4958E1C3-C872-4222-954E-09D2060EA7EF,00:00.0,82%,US,29%,1071,98
120,211789056,adventure-works\kitti0,/3/1/11/12/,3,Production Technician - WC50,00:00.0,S,F,00:00.0,FALSE,89,64,TRUE,49A05524-FA34-45B1-95BC-489901DC5B50,00:00.0,80%,US,58%,1266,74
122,586486572,adventure-works\susan0,/3/1/12/1/,2,Stocker,00:00.0,S,M,00:00.0,FALSE,97,68,TRUE,923ECFD6-E202-429A-9141-6CB183531439,00:00.0,84%,US,75%,1692,82
124,420776180,adventure-works\kim0,/3/1/12/3/,2,Stocker,00:00.0,S,M,00:00.0,FALSE,98,69,TRUE,6150F197-7923-40D4-84F2-936207D468AB,00:00.0,85%,US,63%,747,73
132,1300049,adventure-works\nicole0,/3/1/13/5/,1,Production Technician - WC40,00:00.0,M,M,00:00.0,FALSE,67,53,TRUE,15671E3B-016F-41FD-840B-5A9F7D776D9A,00:00.0,69%,Indian,77%,290,44
137,63761469,adventure-works\anibal0,/3/1/14/3/,4,Production Technician - WC20,00:00.0,S,F,00:00.0,FALSE,8,24,TRUE,BC18A829-F0CE-4EAF-9785-2D84C86F925A,00:00.0,40%,Kikuyu,64%,1560,30
138,25011600,adventure-works\samantha0,/3/1/14/4/,4,Production Technician - WC20,00:00.0,M,F,00:00.0,FALSE,7,23,TRUE,1629EDDD-D0AE-4CB9-A59C-3A175F7027E5,00:00.0,39%,Kongo,88%,1533,48
142,163347032,adventure-works\olinda0,/3/1/14/8/,3,Production Technician - WC20,00:00.0,S,F,00:00.0,FALSE,3,21,TRUE,6456CEC3-9B1E-4EBC-9FD8-732B93363F65,00:00.0,37%,Luba,23%,220,28
147,604664374,adventure-works\sandra0,/3/1/15/2/,2,Production Technician - WC30,00:00.0,M,M,00:00.0,FALSE,37,38,TRUE,F69F3FF9-E1E0-4419-A6BF-F705E1556160,00:00.0,54%,Luhya,22%,478,43
157,812797414,adventure-works\linda1,/3/1/16/5/,1,Production Technician - WC20,00:00.0,S,M,00:00.0,FALSE,12,26,TRUE,F963F913-449E-4EBB-BFDA-FC0C3010DB65,00:00.0,42%,Luo,76%,1646,15
158,300946911,adventure-works\shelley0,/3/1/16/6/,4,Production Technician - WC20,00:00.0,S,F,00:00.0,FALSE,14,27,TRUE,13942056-2930-4490-83CE-AF2386D5A5E7,00:00.0,43%,Malagasy,24%,577,58
162,514829225,adventure-works\laura0,/3/1/17/2/,3,Production Technician - WC45,00:00.0,S,F,00:00.0,FALSE,75,57,TRUE,FCCD65BA-2702-4409-AE56-75AF1710AC78,00:00.0,73%,US,30%,1291,88
169,351069889,adventure-works\susan1,/3/1/18/3/,1,Production Technician - WC30,00:00.0,S,M,00:00.0,FALSE,31,35,TRUE,F73D75D5-B47B-46EE-AD11-7BF13DD6C55D,00:00.0,51%,Mende,67%,579,66
183,969985265,adventure-works\barbara0,/3/1/19/3/,4,Production Technician - WC20,00:00.0,M,F,00:00.0,FALSE,17,28,TRUE,045C9CBB-3448-4599-9FA9-6C7A9F82F832,00:00.0,44%,Mongolian,56%,1508,14
187,713403643,adventure-works\yvonne0,/3/1/20/1/,3,Production Technician - WC45,00:00.0,M,F,00:00.0,FALSE,79,59,TRUE,83C6DABF-FD7D-4F5B-BB22-EB7EEBB9A772,00:00.0,75%,US,88%,1248,98
189,187369436,adventure-works\janeth0,/3/1/20/3/,4,Production Technician - WC45,00:00.0,S,F,00:00.0,FALSE,81,60,TRUE,8261B8CB-BC3F-4BCE-B364-86035D870263,00:00.0,76%,US,61%,1278,77
198,19312190,adventure-works\lorraine0,/3/1/21/6/,2,Production Technician - WC40,00:00.0,M,M,00:00.0,FALSE,49,44,TRUE,A63966B6-9AD6-40BC-AFD4-A83745879F4D,00:00.0,60%,Ndebele,57%,1337,52
199,992874797,adventure-works\paula1,/3/1/21/7/,3,Production Technician - WC40,00:00.0,M,F,00:00.0,FALSE,54,47,TRUE,5DD2BE46-204F-4AF3-91F5-5EF082F6D6A6,00:00.0,63%,Nubian,52%,539,63
209,167554340,adventure-works\kathie0,/3/1/22/4/,2,Production Technician - WC45,00:00.0,M,M,00:00.0,FALSE,87,63,TRUE,25FC84D7-E013-44B8-82CD-63CD4723AF81,00:00.0,79%,US,66%,1113,80
210,20244403,adventure-works\belinda0,/3/1/22/5/,2,Production Technician - WC45,00:00.0,S,M,00:00.0,FALSE,83,61,TRUE,F714B5EC-CA7C-4E6E-A812-2C5A119F4C30,00:00.0,77%,US,24%,1656,95
220,260770918,adventure-works\karen0,/3/2/2/3/,4,Document Control Assistant,00:00.0,M,F,00:00.0,FALSE,79,59,TRUE,8A41ED23-7AE2-4C15-AA5D-9496E721F848,00:00.0,75%,US,86%,611,70
229,879334904,adventure-works\lori1,/3/4/1/1/,1,Janitor,00:00.0,M,M,00:00.0,FALSE,90,65,TRUE,929FE187-EE24-4F5F-AF2A-F96324F09423,00:00.0,81%,US,84%,387,73
231,153479919,adventure-works\jo1,/3/4/1/3/,3,Janitor,00:00.0,M,F,00:00.0,FALSE,91,65,TRUE,39AF5CCA-9B52-41E5-B510-72901D2578F6,00:00.0,81%,US,92%,1178,77
253,407505660,adventure-works\linda2,/4/3/1/3/,1,Buyer,00:00.0,M,M,00:00.0,FALSE,56,48,TRUE,ED06F9F4-2123-4C44-89D7-E43E1E1ABC2F,00:00.0,64%,Arab,31%,247,13
258,785853949,adventure-works\erin0,/4/3/1/8/,2,Buyer,00:00.0,S,M,00:00.0,FALSE,53,46,TRUE,B60712A9-50A5-4296-B892-69C4701834B0,00:00.0,62%,Azeri,21%,277,16
260,437296311,adventure-works\annette0,/4/3/1/10/,3,Purchasing Assistant,00:00.0,M,F,00:00.0,FALSE,50,45,TRUE,9E03395F-4D5D-4A53-880E-174BD8C1DB59,00:00.0,61%,Druze,45%,1028,45
8,811994146,adventure-works\diane1,/1/1/4/1/,3,Research and Development Engineer,00:00.0,S,F,00:00.0,TRUE,62,51,TRUE,31112635-663B-4018-B4A2-A685C0BF48A4,00:00.0,67%,Iranian,76%,732,66
9,658797903,adventure-works\gigi0,/1/1/4/2/,1,Research and Development Engineer,00:00.0,M,M,00:00.0,TRUE,63,51,TRUE,50B6CDC6-7570-47EF-9570-48A64B5F2ECF,00:00.0,67%,Iraqi,23%,1478,55
10,879342154,adventure-works\michael6,/1/1/4/3/,4,Research and Development Manager,00:00.0,M,F,00:00.0,TRUE,16,64,TRUE,EAA43680-5571-40CB-AB1A-3BF68F04459E,00:00.0,80%,US,57%,1703,70
4,112457891,adventure-works\rob0,/1/1/1/,4,Senior Tool Designer,00:00.0,S,F,00:00.0,FALSE,48,80,TRUE,59747955-87B8-443F-8ED4-F8AD3AFDF3A9,00:00.0,96%,US,48%,1650,73
5,695256908,adventure-works\gail0,/1/1/2/,1,Design Engineer,00:00.0,M,M,00:00.0,TRUE,5,22,TRUE,EC84AE09-F9B8-4A15-B4A9-6CCBAB919B08,00:00.0,38%,Kuwaiti,30%,974,38
6,998320692,adventure-works\jossef0,/1/1/3/,4,Design Engineer,00:00.0,M,F,00:00.0,TRUE,6,23,TRUE,E39056F1-9CD5-478D-8945-14ACA7FBDCDD,00:00.0,39%,Lebanese,76%,298,38
7,134969118,adventure-works\dylan0,/1/1/4/,4,Research and Development Manager,00:00.0,M,F,00:00.0,TRUE,61,50,TRUE,4F46DECA-EF01-41FD-9829-0ADAB368E431,00:00.0,66%,Omani,54%,1108,11
11,974026903,adventure-works\ovidiu0,/1/1/5/,1,Senior Tool Designer,00:00.0,S,M,00:00.0,FALSE,7,23,TRUE,F68C7C19-FAC1-438C-9BB7-AC33FCC341C3,00:00.0,39%,Palestinian,67%,1017,29
14,42487730,adventure-works\michael8,/1/1/6/,4,Senior Design Engineer,00:00.0,S,F,00:00.0,TRUE,3,21,TRUE,46286CA4-46DD-4DDB-9128-85B67E98D1A9,00:00.0,37%,Qatari,30%,585,19
15,56920285,adventure-works\sharon0,/1/1/7/,1,Design Engineer,00:00.0,M,M,00:00.0,TRUE,4,22,TRUE,54F2FDC0-87C4-4065-A7A8-9AC8EA624235,00:00.0,38%,Saudi,38%,1042,35
27,446466105,adventure-works\jo0,/3/1/1/,1,Production Supervisor - WC60,00:00.0,S,M,00:00.0,FALSE,80,60,TRUE,83FFAAC6-B895-481F-B897-14F965D4DA47,00:00.0,76%,Syrian,84%,1728,28
40,309738752,adventure-works\jolynn0,/3/1/2/,3,Production Supervisor - WC60,00:00.0,S,F,00:00.0,FALSE,82,61,TRUE,2CC71B96-F421-485E-9832-8723337749BB,00:00.0,77%,Turkish,84%,941,56
47,33237992,adventure-works\andrew0,/3/1/3/,3,Production Supervisor - WC10,00:00.0,S,F,00:00.0,FALSE,65,52,TRUE,08365B05-C143-4260-A93C-6B69418B1946,00:00.0,68%,Turkmen,34%,822,34
55,233069302,adventure-works\taylor0,/3/1/4/,4,Production Supervisor - WC50,00:00.0,M,F,00:00.0,FALSE,79,59,TRUE,28F7EF89-2793-4989-B67D-25046543C1E3,00:00.0,75%,Emirati,75%,709,23
62,494170342,adventure-works\john0,/3/1/5/,2,Production Supervisor - WC60,00:00.0,M,M,00:00.0,FALSE,81,60,TRUE,D4ED1F78-7C28-479B-BFEF-A73228BA2AAA,00:00.0,76%,Yemeni,54%,518,53
71,578935259,adventure-works\michael3,/3/1/6/,1,Production Supervisor - WC30,00:00.0,S,M,00:00.0,FALSE,70,55,TRUE,1AD772D7-7B4A-4A7B-8676-49DD7608CB94,00:00.0,71%,Yemeni,73%,484,45
78,370989364,adventure-works\reuben0,/3/1/7/,1,Production Supervisor - WC40,00:00.0,M,M,00:00.0,FALSE,72,56,TRUE,71EEE2A6-B9B3-4BF4-8949-01239DF7C901,00:00.0,72%,Armenian,32%,1637,60
87,7201901,adventure-works\cristian0,/3/1/8/,1,Production Supervisor - WC10,00:00.0,M,M,00:00.0,FALSE,67,53,TRUE,5BE16416-8570-417D-9E54-047DB468B5E9,00:00.0,69%,Bahraini,78%,212,45
93,778552911,adventure-works\kok-ho0,/3/1/9/,4,Production Supervisor - WC50,00:00.0,S,F,00:00.0,FALSE,78,59,TRUE,57FB2C0F-B105-49F0-967A-88F3D743CB3F,00:00.0,75%,US,80%,1505,91
102,360868122,adventure-works\zheng0,/3/1/10/,2,Production Supervisor - WC10,00:00.0,S,M,00:00.0,FALSE,66,53,TRUE,C75F2740-ACE3-4EBF-91C5-7AB352E1095F,00:00.0,69%,Iraqi,46%,527,69
108,630184120,adventure-works\jinghao0,/3/1/11/,3,Production Supervisor - WC50,00:00.0,S,F,00:00.0,FALSE,77,58,TRUE,2BCA07D3-F2AC-4406-904F-E09156F3EB3E,00:00.0,74%,US,91%,1953,73
121,521265716,adventure-works\pilar0,/3/1/12/,2,Shipping and Receiving Supervisor,00:00.0,S,M,00:00.0,TRUE,93,66,TRUE,01BCCE22-D63A-4C3F-9BA8-D3D5A4C3BD52,00:00.0,82%,US,84%,1393,94
127,750905084,adventure-works\david4,/3/1/13/,2,Production Supervisor - WC40,00:00.0,S,M,00:00.0,FALSE,73,56,TRUE,516538E8-115B-44F4-AA7B-E6C1D9F8ADFC,00:00.0,72%,US,26%,756,81
134,45615666,adventure-works\eric0,/3/1/14/,3,Production Supervisor - WC20,00:00.0,M,F,00:00.0,FALSE,40,40,TRUE,2ABCF39B-88D7-49FA-820A-83D223322BA5,00:00.0,56%,Lebanese,66%,222,20
145,386315192,adventure-works\cynthia0,/3/1/15/,4,Production Supervisor - WC30,00:00.0,S,F,00:00.0,FALSE,69,54,TRUE,F9E1DC46-0D03-4A8A-B693-1A964BC13E6C,00:00.0,70%,US,69%,1490,83
152,319472946,adventure-works\yuhong0,/3/1/16/,3,Production Supervisor - WC20,00:00.0,M,F,00:00.0,FALSE,41,40,TRUE,F1A684F4-02DB-4B22-8977-6D8D3A21100E,00:00.0,56%,Malay,81%,776,48
160,712885347,adventure-works\jeff0,/3/1/17/,3,Production Supervisor - WC45,00:00.0,M,F,00:00.0,FALSE,74,57,TRUE,7C7D459E-1F49-427D-9BD5-DE31880C85DC,00:00.0,73%,US,21%,1781,71
166,60114406,adventure-works\jack0,/3/1/18/,1,Production Supervisor - WC30,00:00.0,S,M,00:00.0,FALSE,68,54,TRUE,69A47230-70EE-48FD-AC15-C39F3712FF14,00:00.0,70%,US,32%,1728,89
180,862951447,adventure-works\katie0,/3/1/19/,1,Production Supervisor - WC20,00:00.0,S,M,00:00.0,FALSE,42,41,TRUE,5BE8B211-CBE5-45D8-84FD-23F36A881473,00:00.0,57%,Omani,34%,715,53
186,551834634,adventure-works\shane0,/3/1/20/,2,Production Supervisor - WC45,00:00.0,S,M,00:00.0,FALSE,75,57,TRUE,2625C358-672A-4000-AD67-B8CD3F318285,00:00.0,73%,US,46%,321,76
192,634335025,adventure-works\brenda0,/3/1/21/,2,Production Supervisor - WC40,00:00.0,M,M,00:00.0,FALSE,71,55,TRUE,714D519B-375E-4C5A-8491-C758D00CF95F,00:00.0,71%,US,47%,1811,88
205,332349500,adventure-works\lori0,/3/1/22/,4,Production Supervisor - WC45,00:00.0,S,F,00:00.0,FALSE,76,58,TRUE,23D436FC-08F7-4988-8B4D-490AA4E8B7E7,00:00.0,74%,US,93%,1693,97
212,885055826,adventure-works\peng0,/3/2/1/,1,Quality Assurance Supervisor,00:00.0,M,M,00:00.0,TRUE,81,60,TRUE,E249D613-36C9-4544-9B6F-6CE50E5E0DA5,00:00.0,76%,US,26%,964,98
217,345106466,adventure-works\zainal0,/3/2/2/,2,Document Control Manager,00:00.0,M,M,00:00.0,FALSE,77,58,TRUE,DC60EEED-9F9F-4435-8666-4DE4FAFDE9C3,00:00.0,74%,US,24%,1372,74
223,981495526,adventure-works\sairaj0,/3/3/1/,2,Scheduling Assistant,00:00.0,M,M,00:00.0,FALSE,46,43,TRUE,4D36A720-CE32-4C47-866A-DB7844449309,00:00.0,59%,Emirati,20%,244,55
224,621209647,adventure-works\william0,/3/3/2/,4,Scheduling Assistant,00:00.0,M,F,00:00.0,FALSE,45,42,TRUE,1A68CD62-6FE9-4613-90D4-2CD178E4E54A,00:00.0,58%,Iranian,89%,964,67
225,470689086,adventure-works\alan0,/3/3/3/,4,Scheduling Assistant,00:00.0,M,F,00:00.0,FALSE,47,43,TRUE,DE321854-B076-4D59-BB7B-42152031B108,00:00.0,59%,Iraqi,70%,1604,56
226,368691270,adventure-works\brian1,/3/3/4/,4,Scheduling Assistant,00:00.0,M,F,00:00.0,FALSE,48,44,TRUE,DFA02733-C26E-4E31-99D8-9167E4E5131D,00:00.0,60%,Israeli,51%,1697,14
228,553069203,adventure-works\christian0,/3/4/1/,3,Maintenance Supervisor,00:00.0,M,F,00:00.0,TRUE,92,66,TRUE,4611C7C5-90A0-407F-B054-93BD51533609,00:00.0,82%,US,51%,309,93
233,552560652,adventure-works\magnus0,/3/4/2/,3,Facilities Administrative Assistant,00:00.0,M,F,00:00.0,FALSE,87,63,TRUE,0A4BCC09-ACE5-4481-9067-8B9ED70ECA18,00:00.0,79%,US,91%,675,75
236,476980013,adventure-works\grant0,/4/1/1/,1,Human Resources Administrative Assistant,00:00.0,S,M,00:00.0,FALSE,53,46,TRUE,4511ABBA-7F34-400E-907B-A663C20E1A41,00:00.0,62%,Lebanese,73%,962,51
237,416679555,adventure-works\hao0,/4/1/2/,1,Human Resources Administrative Assistant,00:00.0,S,M,00:00.0,FALSE,52,46,TRUE,FD53C4C8-B34E-460F-9EE5-747B07FE98B3,00:00.0,62%,Moroccan,57%,680,31
238,264306399,adventure-works\vidur0,/4/1/3/,4,Recruiter,00:00.0,S,F,00:00.0,FALSE,50,45,TRUE,47E76B59-B137-4572-AD55-6B3E68C13BD3,00:00.0,61%,Omani Welsh,89%,217,51
239,619308550,adventure-works\mindy0,/4/1/4/,4,Benefits Specialist,00:00.0,M,F,00:00.0,FALSE,51,45,TRUE,834D7AB6-06E6-4944-B42F-028CD4BD388E,00:00.0,61%,Afghan,74%,1451,12
240,332040978,adventure-works\willis0,/4/1/5/,4,Recruiter,00:00.0,S,F,00:00.0,FALSE,49,44,TRUE,A1D86ECC-EA17-4B1B-8369-F1D07AB0A469,00:00.0,60%,Akha,65%,745,67
242,363923697,adventure-works\deborah0,/4/2/1/,1,Accounts Receivable Specialist,00:00.0,M,M,00:00.0,FALSE,60,50,TRUE,09F75454-028C-46CA-BC08-0147BD0220D7,00:00.0,66%,Bhutanese,70%,978,66
243,60517918,adventure-works\candy0,/4/2/2/,1,Accounts Receivable Specialist,00:00.0,S,M,00:00.0,FALSE,61,50,TRUE,9E9F713B-707C-4F7E-9504-DE188052A045,00:00.0,66%,Burmese,78%,1698,29
244,931190412,adventure-works\bryan1,/4/2/3/,1,Accounts Receivable Specialist,00:00.0,S,M,00:00.0,FALSE,62,51,TRUE,CB3E71EC-A381-4716-87DF-D3841AB9795A,00:00.0,67%,Cambodian,26%,1192,30
245,363910111,adventure-works\barbara1,/4/2/4/,4,Accountant,00:00.0,M,F,00:00.0,TRUE,58,49,TRUE,3FFBA84E-8E97-4649-A5E1-859649D83AAE,00:00.0,65%,Chinese,37%,266,18
246,663843431,adventure-works\dragan0,/4/2/5/,3,Accounts Payable Specialist,00:00.0,M,F,00:00.0,FALSE,63,51,TRUE,51C54D34-064B-44F7-A6B1-7702BD491980,00:00.0,67%,Filipino,45%,734,43
247,519756660,adventure-works\janet0,/4/2/6/,1,Accounts Payable Specialist,00:00.0,M,M,00:00.0,FALSE,64,52,TRUE,0C641D77-8675-493F-9947-8C65136559CD,00:00.0,68%,Georgian,51%,1959,34
248,480951955,adventure-works\mike0,/4/2/7/,1,Accountant,00:00.0,S,M,00:00.0,TRUE,59,49,TRUE,AC35337D-7C75-4DEE-BB11-6564F257FE18,00:00.0,65%,Indian,63%,1214,11
250,895209680,adventure-works\sheela0,/4/3/1/,2,Purchasing Manager,00:00.0,S,M,00:00.0,TRUE,49,44,TRUE,7D6B0155-0191-4599-8394-378EBDE63C9A,00:00.0,60%,Indonesian,84%,1332,19
265,749389530,adventure-works\ashvini0,/5/1/1/,1,Network Administrator,00:00.0,S,M,00:00.0,FALSE,70,55,TRUE,2E680C1C-7C02-4343-9626-6F97273414C0,00:00.0,71%,US,28%,320,91
266,672243793,adventure-works\peter1,/5/1/2/,3,Network Administrator,00:00.0,S,F,00:00.0,FALSE,69,54,TRUE,86601E6A-6955-40FC-BB4A-1053A843CE99,00:00.0,70%,US,41%,1741,89
275,841560125,adventure-works\michael9,/6/1/1/,2,Sales Representative,00:00.0,S,M,00:00.0,TRUE,38,39,TRUE,E19F8DE2-0F40-418C-84A2-DB48B98DC6A2,00:00.0,55%,Sri Lankan,91%,1370,18
276,191644724,adventure-works\linda3,/6/1/2/,3,Sales Representative,00:00.0,M,F,00:00.0,TRUE,27,33,TRUE,4509F387-D73A-43DC-A502-B1C27AA1DC9E,00:00.0,49%,Japanese,43%,370,54
277,615389812,adventure-works\jillian0,/6/1/3/,3,Sales Representative,00:00.0,S,F,00:00.0,TRUE,24,32,TRUE,A011C97B-081C-4739-996F-C1CAC4532F8D,00:00.0,48%,Kazakh,45%,644,62
278,234474252,adventure-works\garrett1,/6/1/4/,2,Sales Representative,00:00.0,M,M,00:00.0,TRUE,33,36,TRUE,50EECC16-0D0D-43A9-9649-016C06DE8D78,00:00.0,52%,Korean,83%,1833,19
279,716374314,adventure-works\tsvi0,/6/1/5/,4,Sales Representative,00:00.0,M,F,00:00.0,TRUE,29,34,TRUE,BB510FCE-0105-4306-B591-6450D9EBF401,00:00.0,50%,Kyrgyz,39%,588,33
280,61161660,adventure-works\pamela0,/6/1/6/,3,Sales Representative,00:00.0,S,F,00:00.0,TRUE,22,31,TRUE,7627B9D6-0707-4706-9AD9-0D37506B08AE,00:00.0,47%,Lao,59%,1513,59
281,139397894,adventure-works\shu0,/6/1/7/,3,Sales Representative,00:00.0,M,F,00:00.0,TRUE,26,33,TRUE,4103C891-37E8-4DFC-AEAC-B55E2BC1BE1C,00:00.0,49%,Lebanese,30%,1858,64
282,399771412,adventure-works\josé1,/6/1/8/,3,Sales Representative,00:00.0,M,F,00:00.0,TRUE,31,35,TRUE,FD3992FB-3067-451D-A09D-73BD53C0FECA,00:00.0,51%,Malaysian,72%,1024,41
283,987554265,adventure-works\david8,/6/1/9/,3,Sales Representative,00:00.0,S,F,00:00.0,TRUE,23,31,TRUE,1E8F9E91-508F-4D49-ACD2-775C836030ED,00:00.0,47%,Maldivian,26%,1951,57
284,90836195,adventure-works\tete0,/6/1/10/,3,Sales Representative,00:00.0,M,F,00:00.0,TRUE,39,39,TRUE,0C67CE00-DE78-4712-908F-06939A2C58D5,00:00.0,55%,Mongolian,22%,630,58
286,758596752,adventure-works\lynn0,/6/2/1/,2,Sales Representative,00:00.0,S,M,00:00.0,TRUE,36,38,TRUE,4A9A8407-A680-4A6B-8D03-511CB58F9A8A,00:00.0,54%,Nepalese,54%,529,35
288,954276278,adventure-works\rachel0,/6/3/1/,1,Sales Representative,00:00.0,S,M,00:00.0,TRUE,35,37,TRUE,B9BF7741-E0CA-4F37-ACDE-A4F78C6D03E9,00:00.0,53%,North Korean,29%,337,28
289,668991357,adventure-works\jae0,/6/3/2/,1,Sales Representative,00:00.0,M,M,00:00.0,TRUE,37,38,TRUE,723A5921-D8A1-4659-9BC4-13C4CF7C9C91,00:00.0,54%,Omani,85%,622,45
290,134219713,adventure-works\ranjit0,/6/3/3/,4,Sales Representative,00:00.0,S,F,00:00.0,TRUE,34,37,TRUE,604213F9-DD0F-43B4-BDD2-C96E93D3F4BF,00:00.0,53%,Pakistani,56%,440,34
1,295847284,adventure-works\ken0,,1,Chief Executive Officer,00:00.0,S,M,00:00.0,TRUE,99,69,TRUE,F01251E5-96A3-448D-981E-0F99D789110D,00:00.0,85%,US,57%,223,78
2,245797967,adventure-works\terri0,/1/,3,Vice President of Engineering,00:00.0,S,F,00:00.0,TRUE,1,20,TRUE,45E8F437-670D-4409-93CB-F9424A40D6EE,00:00.0,36%,Philippine,33%,939,50
3,509647174,adventure-works\roberto0,/1/1/,2,Engineering Manager,00:00.0,M,M,00:00.0,TRUE,2,21,TRUE,9BBBFB2C-EFBB-4217-9AB7-F97689328841,00:00.0,37%,Polish,27%,757,26
16,24756624,adventure-works\david0,/2/,3,Marketing Manager,00:00.0,S,F,00:00.0,TRUE,40,40,TRUE,E87029AA-2CBA-4C03-B948-D83AF0313E28,00:00.0,56%,Singaporean,42%,1698,32
17,253022876,adventure-works\kevin0,/2/1/,4,Marketing Assistant,00:00.0,S,F,00:00.0,FALSE,42,41,TRUE,1B480240-95C0-410F-A717-EB29943C8886,00:00.0,57%,South Korean,72%,1739,18
18,222969461,adventure-works\john5,/2/2/,2,Marketing Specialist,00:00.0,S,M,00:00.0,FALSE,48,44,TRUE,64730415-1F58-4E5B-8FA8-5E4DAEBA53B4,00:00.0,60%,Sri Lankan,90%,662,55
19,52541318,adventure-works\mary2,/2/3/,3,Marketing Assistant,00:00.0,S,F,00:00.0,FALSE,43,41,TRUE,1F6DA901-C7F7-48A8-8EEF-D81868D72B52,00:00.0,57%,Taiwanese,37%,631,48
20,323403273,adventure-works\wanida0,/2/4/,1,Marketing Assistant,00:00.0,M,M,00:00.0,FALSE,41,40,TRUE,43CCA446-DA1C-454C-8530-873AD2923E1B,00:00.0,56%,Tajik,46%,1661,21
21,243322160,adventure-works\terry0,/2/5/,3,Marketing Specialist,00:00.0,M,F,00:00.0,FALSE,44,42,TRUE,AD0D7626-4506-45C4-898F-9D7A0E13AABD,00:00.0,58%,Thai,64%,1260,38
22,95958330,adventure-works\sariya0,/2/6/,4,Marketing Specialist,00:00.0,S,F,00:00.0,FALSE,45,42,TRUE,AF21F1B7-0691-48AD-B325-B8F2D7B2268A,00:00.0,58%,Turkmen,31%,339,30
23,767955365,adventure-works\mary0,/2/7/,2,Marketing Specialist,00:00.0,M,M,00:00.0,FALSE,46,43,TRUE,90899830-127E-4876-85CA-7F6E03025281,00:00.0,59%,Uzbek,20%,718,64
24,72636981,adventure-works\jill0,/2/8/,1,Marketing Specialist,00:00.0,M,M,00:00.0,FALSE,47,43,TRUE,53575C58-FBA1-4C1A-B8FF-95E050B44393,00:00.0,59%,Vietnamese,27%,755,30
25,519899904,adventure-works\james1,/3/,4,Vice President of Production,00:00.0,S,F,00:00.0,TRUE,64,52,TRUE,D7314F24-2AF1-429C-9BBB-4038F45F3E6C,00:00.0,68%,Yakut,46%,1220,56
26,277173473,adventure-works\peter0,/3/1/,4,Production Control Manager,00:00.0,M,F,00:00.0,TRUE,43,41,TRUE,69D5D162-E817-45E7-9DEC-5D9B8310E7B1,17:08.6,57%,Yi,67%,1931,60
211,398223854,adventure-works\hazem0,/3/2/,1,Quality Assurance Manager,00:00.0,S,M,00:00.0,TRUE,80,60,TRUE,05C84608-F445-4F9D-BB5C-0828C309C29D,17:08.6,76%,US,41%,486,93
222,685233686,adventure-works\ascott0,/3/3/,1,Master Scheduler,00:00.0,S,M,00:00.0,FALSE,44,42,TRUE,13909262-4136-492F-BCA3-0B0E3773B03E,17:08.6,58%,Amish,38%,813,26
227,141165819,adventure-works\gary1,/3/4/,2,Facilities Manager,00:00.0,M,M,00:00.0,TRUE,86,63,TRUE,62F6EC59-5635-44F3-9CC1-2D8EEAF90A05,00:00.0,79%,US,61%,343,80
234,184188301,adventure-works\laura1,/4/,1,Chief Financial Officer,00:00.0,M,M,00:00.0,TRUE,0,20,TRUE,D5E315A6-BD65-4D67-9D5F-81EF5C4EF8A6,00:00.0,36%,Ashanti,56%,1231,68
235,535145551,adventure-works\paula0,/4/1/,1,Human Resources Manager,00:00.0,M,M,00:00.0,TRUE,54,47,TRUE,65028F15-4149-4DE5-B203-9D7EC86BAF87,00:00.0,63%,Balochi,49%,906,17
241,30845,adventure-works\david6,/4/2/,3,Accounts Manager,00:00.0,M,F,00:00.0,TRUE,57,48,TRUE,2DC9D534-F5D1-4A14-8282-0A2A0EB6FD4D,00:00.0,64%,Balinese,45%,1967,64
249,121491555,adventure-works\wendy0,/4/3/,3,Finance Manager,00:00.0,S,F,00:00.0,TRUE,55,47,TRUE,8F410408-4AA8-4D67-886D-530BFE4EBE3B,00:00.0,63%,Breton,51%,1466,55
262,231203233,adventure-works\david5,/4/4/,4,Assistant to the Chief Financial Officer,00:00.0,S,F,00:00.0,FALSE,56,48,TRUE,BE81FD77-428C-449F-AB79-48B1CDF53D6A,00:00.0,64%,Ashkenazi Jewish,30%,780,16
263,441044382,adventure-works\jean0,/5/,4,Information Services Manager,00:00.0,S,F,00:00.0,TRUE,65,52,TRUE,794A0B1F-C46A-401C-984D-008996FC7092,00:00.0,68%,Aymara,51%,341,17
264,858323870,adventure-works\stephanie0,/5/1/,2,Network Manager,00:00.0,S,M,00:00.0,TRUE,68,54,TRUE,221CBB7B-8BAE-452B-A16F-A67EBB3873C8,00:00.0,70%,US,27%,1541,89
267,58317344,adventure-works\karen1,/5/2/,1,Application Specialist,00:00.0,S,M,00:00.0,TRUE,74,57,TRUE,45C3D0F5-3332-419D-AD40-A98996BB5531,00:00.0,73%,US,30%,1312,72
268,314747499,adventure-works\ramesh0,/5/3/,4,Application Specialist,00:00.0,S,F,00:00.0,TRUE,73,56,TRUE,BE190269-4003-4D7F-809E-7B3FDC235DA8,00:00.0,72%,US,89%,1966,75
269,671089628,adventure-works\dan0,/5/4/,3,Application Specialist,00:00.0,M,F,00:00.0,TRUE,72,56,TRUE,71B0D010-5AC5-4E91-8EFA-C311C1372A73,00:00.0,72%,US,49%,448,75
270,643805155,adventure-works\françois0,/5/5/,4,Database Administrator,00:00.0,S,F,00:00.0,TRUE,67,53,TRUE,0C7F025D-8D56-48EF-86C0-F09DB63D0182,00:00.0,69%,Algonquin,33%,212,21
271,929666391,adventure-works\dan1,/5/6/,3,Database Administrator,00:00.0,M,F,00:00.0,TRUE,66,53,TRUE,2474E1A9-902D-466C-B0B2-6DCAC927F753,00:00.0,69%,Amerindian,32%,439,32
272,525932996,adventure-works\janaina0,/5/7/,1,Application Specialist,00:00.0,M,M,00:00.0,TRUE,71,55,TRUE,241535C7-7A31-4A6A-9E0D-A83C30C2EDDA,00:00.0,71%,US,88%,750,78
273,112432117,adventure-works\brian3,/6/,4,Vice President of Sales,00:00.0,S,F,00:00.0,TRUE,10,25,TRUE,F3EC557C-8B41-4EE6-BB0C-E3B93AFF81E5,00:00.0,41%,Balochi,69%,1424,24
274,502097814,adventure-works\stephen0,/6/1/,1,North American Sales Manager,00:00.0,M,M,00:00.0,TRUE,14,27,TRUE,86D5FA9E-4BC0-48C8-91DC-1EC467418D11,00:00.0,43%,Balinese,30%,939,57
285,481044938,adventure-works\syed0,/6/2/,3,Pacific Sales Manager,00:00.0,M,F,00:00.0,TRUE,20,30,TRUE,86F292DB-B73C-429D-9912-800994D809FB,00:00.0,46%,Breton,44%,745,49
287,982310417,adventure-works\amy0,/6/3/,2,European Sales Manager,00:00.0,M,M,00:00.0,TRUE,21,30,TRUE,66D66445-EE78-4676-9E66-0E22D6109A92,00:00.0,46%,Ashkenazi Jewish,49%,1087,65
